"grid_point_index","seed","kss_fixed","nBurn","nEm","ofv","add.err","prop.err","ka","Vc","Vp","CL","kint","ksyn","R0","status","elapsed_sec","timestamp"
1,1,0.281813392267467,150,200,4861.66357476722,9.62,0.999,0.00998,4.79,7.15,0.0121,0.0184,0.00707,7.26,"OK",954.4,"2026-09-22 12:15:59"
1,2025,0.281813392267467,150,200,2848.14087823637,0.92,0.12,0.011,2.05,5.41,0.00633,0.0161,0.00258,10.3,"OK",981.7,"2026-09-22 12:32:38"
2,1,0.464631734199532,150,200,2839.5350741796,0.98,0.118,0.011,2.09,5.36,0.00627,0.014,0.00258,10.2,"OK",972,"2026-09-22 12:49:06"
2,314,0.464631734199532,150,200,4616.48438607494,8.24,0.705,0.00978,3.4,6.42,0.0093,0.0162,0.00726,15.1,"OK",967.2,"2026-09-22 13:05:30"
2,777,0.464631734199532,150,200,4706.47100441456,9.34,0.784,0.00899,3.52,6.64,0.0104,0.0152,0.00791,11.8,"OK",958.1,"2026-09-22 13:21:45"
2,2025,0.464631734199532,150,200,2854.79242562252,0.944,0.12,0.0108,2.02,5.48,0.00623,0.0155,0.00341,10.5,"OK",977.8,"2026-09-22 13:38:20"
3,1,0.766048223217056,150,200,2857.61611057073,1.03,0.118,0.0108,2.04,5.4,0.00642,0.0145,0.00148,10,"OK",950.4,"2026-09-22 13:54:27"
3,314,0.766048223217056,150,200,2850.59482841534,0.964,0.121,0.011,2.04,5.4,0.00628,0.0152,0.00329,9.85,"OK",963.4,"2026-09-22 14:10:47"
3,777,0.766048223217056,150,200,2844.07118925249,0.977,0.118,0.0107,2.01,5.47,0.00639,0.0136,0.00238,11,"OK",966,"2026-09-22 14:27:10"
3,2025,0.766048223217056,150,200,4713.68547488768,9.41,0.763,0.00892,3.4,6.7,0.0106,0.0153,0.00807,8.91,"OK",935.9,"2026-09-22 14:43:03"
5,1,2.08233496489426,150,200,2852.37519809327,0.98,0.12,0.0107,1.98,5.49,0.00628,0.0154,0.00225,11.7,"OK",941.7,"2026-09-22 14:59:02"
5,2025,2.08233496489426,150,200,4706.36571109845,9.19,0.778,0.0103,3.93,6.67,0.0103,0.0162,0.00714,8.7,"OK",894.2,"2026-09-22 15:14:13"
